,Y,text
0,0,"""Let's see how long your mana lasts."""
1,0,"""I don't think he's listening, he's focused on the game."""
2,0,I still use it.
3,0,What was foolish about this?
4,0,"I think you should grab it, I use my Volcano more than any of the others."
5,0,This is one of the punishments that fits the crime situation.
6,0,Show it.
7,0,The Jets should move to LA.
8,0,"Take them, I guess."
9,0,Thank you man!
10,0,Stage 2B is Dustbowl.
11,0,Is it a chromebook?
12,0,Who votes on a missing person alert?
13,0,"When the chips are down, the ones who shout and scream are always the weakest."
14,0,"""It's true."""
15,0,It looks like Fennekin uses a fighting move.
16,0,"""He promised to pay Galileo a million florins for inventing the telescope, but he didn't."""
17,0,She quit them when the mystery man showed up.
18,0,"""It's a tool."""
19,0,Where are these from?
20,0,She could teach in Saudi Arabia.
21,0,They are an autonomously collective.
22,0,There is a person named TREYMOND.
23,0,"If he chooses, he will have a few years ahead of him if he chooses."
24,0,"""It's bingo!"""
25,0,B R A V I N C E O.
26,0,There is too much technology there.
27,0,They both mean not the same.
28,0,"""Let's go Diamondbacks, let's let's let's let's let's let's let's let's let's let's let's let's let's let's let's let's let's"""
29,0,"""It isn't like 20."""
30,0,The problems are explained by that.
31,0,"No worries, just sacrificing to the Lord of Light."
32,0,"""We'll happenz if we say dat 2 Mi face nd not onlien."""
33,0,Just like the truck itself.
34,0,What did I just read?
35,0,"""Why would someone hold their ideology in the first place if they didn't believe in it?"""
36,0,"After reaching the ballot box, you can abstain."
37,0,Sona and Ahri...
38,0,Add something random and stupid for me.
39,0,"""I wish they'd do away with aim assist on consoles because it's so annoying."""
40,0,Let them eat cake.
41,0,"""The ice shot doesn't seem to mind broken bones."""
42,0,Oh my god.
43,0,"""Todd Gurley's opponent in fantasy owned him, so he stopped at the 1 yard line instead of scoring against Arizona a few weeks ago."""
44,0,30 years in retail.
45,0,"After Duncan hit it, my dad sent me to bed and turned off the TV."
46,0,This is a stupid opinion.
47,0,Kellymilkies was a slow-motion trainwreck.
48,0,Pongify!
49,0,"""I'm going to say that fake news on TV had something to do with it."""
50,0,"""That's right."""
51,0,"""What's your age?"""
52,0,The shield should be protected.
53,0,"""Call me to talk about us"" was the text my wife sent me when she was pregnant with our second child."
54,0,It works well.
55,0,wat.
56,0,Space wine!
57,0,Nothing for us here?
58,0,"If he legally changed his name, I\'ll say ""Caitlyn"" but I\'m not going to use a female pronoun."
59,0,I use my email address for those.
60,0,"""They don't know if wind power will be rewarded by the government."""
61,0,In 2 hours.
62,0,I think the MX Garand is a better starting weapon than the Shieva because it is easier to use and feels more like an M14 than a Shieva.
63,0,(M)ust (c)onsult (s)tack-(e)x change.
64,0,I am going in!
65,0,It is decent.
66,0,You might look like Golum.
67,0,A can of cola is standing up on its edge.
68,0,All the power is used for graphics.
69,0,Play well.
70,0,"No problem, mate."
71,0,The girl I was interested in is a member of the church.
72,0,"""redrusker"" hasn\'t been added to my phone\'s dictionary yet. Sorry for the mistake."
73,0,"In the wake of the worst mass shooting in American history, the BLM is making this about themselves."
74,0,Try grandpa.
75,0,I was only describing what he would be shooting.
76,0,"I plan on using it the same way I use my debit card, paying it off at the end of the month."
77,0,I swear to go with you.
78,0,The actors are happier about the process than the employees are.
79,0,What?
80,0,No.
81,0,bradley is a person
82,0,Click on the white part if you want to know more.
83,0,There was no joke.
84,0,"""B15 1P is more stable than 17S, but I haven't had a single issue with either of them."""
85,0,"""I don't think a lot of people think professors are overpaid. There is a question about university administrative staff."""
86,0,felton won this one.
87,0,"""It gets a second ad mid way if it's over 10 minutes, I heard this on a podcasts, which is weird as I rarely watch anything on youtube, and when I do, it's unapologetically with ad block."""
88,0,"""I think it says on the challenge for each that some you can and some you can't."""
89,0,The guy has a conversation with his dad.
90,0,"""Your parents' degrees are more indicative of how much money they make than anything else."""
91,0,England would be simpler.
92,0,Who was dreaming about then? Oh my gosh!
93,0,"I can\'t travel for more than a week with a pull along hard case because there are a lot of ""travel in japan"" advice things that say not to use them because you stand out."
94,0,"If you beat someone to death on film, you can be found not guilty and be home for dinner."
95,0,You look like a fool.
96,0,"If your computer can handle it, Attila is everything R2 was not."
97,0,This dog looks annoyed.
98,0,The joke never ceases to amuse.
99,0,So does Hart.
100,0,"""Christianity would be just as good as the next thing because of the positive community and how they help others, increasing life's quality for more people."""
101,0,There are tree branches.
102,0,There are some beaches in RNP.
103,0,South Korea is a better trading partner than North Korea.
104,0,"""I've been playing this game for over two years and I have a long press hack button. I'm still Lvl 10."""
105,0,"""It's part of an add on."""
106,0,What a beautiful woman.
107,0,pukes in mouth
108,0,"If you like big ass battles and mostly war driven games, then total war is for you."
109,0,What about military time?
110,0,He became the Batman.
111,0,I understand.
112,0,Is this about the football team?
113,0,It took me a while.
114,0,"""I'm wearing a shirt today."""
115,0,"Chicago, Illinois."
116,0,He likes ham.
117,0,The planet needs to git git.
118,0,Jones said the squad is a mix of experience and youth.
119,0,"""You might think you're cleaning your Facebook photos, but they've still got them."""
120,0,"""Sometimes he eats small children's tootsie pops."""
121,0,That was really well done.
122,0,"""If you wanted to keep things consistent, you wouldn't need the timer mechanic for vehicles, just make it so that either a shot fired or a splatter with a vehicle consumes the REQ card."""
123,0,"With sales going on right now, you could pick up a high end point and shoot, like a Canon S 100, a copy of Adobe Lightroom, and a photography book or two."
124,0,"""When these quotes are literally the title, I'm a little bit disappointed."""
125,0,Go buy a real computer for yourself.
126,0,Start with a more affordable home.
127,0,It was mind blown.
128,0,That is a lot of stereo separation.
129,0,"""It's the season for words."""
130,0,"The top line should be replaced with ""I get CEO salary""."
131,0,Or halifax.
132,0,This should have more upvotes.
133,0,Stay home until it restarts.
134,0,Everyone thought he was joking.
135,0,"""That's a good boy."""
136,0,Do you know that the heads of the committees are republicans?
137,0,"If you only play games, then gigabyte xtreme 980ti and i5 6600k."
138,0,Decision making rarely creates tranquility.
139,0,"""Don't live in the city."""
140,0,That sounds great.
141,0,"""Don't we all?"""
142,0,"""I'm just suggesting alternatives that may or may not fit better."""
143,0,I bet they said that about my 94 stump jumper as well.
144,0,Fuck that website.
145,0,"""I say random things that I don't believe."""
146,0,Chicago only recently had to sell guns within the city limits and issue conceal permits.
147,0,This is the same idiot protagnoist who got stoned after running into two powerful psychic blasts.
148,0,Should have started on a 250.
149,0,It makes religious extremists look stupid if they hate education.
150,0,Depending on your preferences.
151,0,Is there another management consultant here?
152,0,This is not true.
153,0,"I said that I was aReputable, not sensationalistic and exaggerated."
154,0,"""That means it's official campaign stuff."""
155,0,Sports.
156,0,Comment karma is hard to get.
157,0,"""If it's obvious, it's not an opinion."""
158,0,"Transmute, bro."
159,0,I believe that the child is the real life version of the person on the xbox live game.
160,0,They have the time to type out all of it and think it is time well spent.
161,0,"""The best satire makes the reader wonder if it's satire or not."""
162,0,A.
163,0,"It has to do with games being online, so no one makes a good one."
164,0,"""It's a lot easier to slaughter a cow than a whale, and if not you Americans are doing something seriously wrong, never seen a cow die instantly in slaughter houses where I live."""
165,0,"""I don't know if a silver checkmark means I've done all the quests, but I haven't unlocked some."""
166,0,... I upvote boobs.
167,0,The first thing to do is burn that mousepad.
168,0,Look at those neckbeards.
169,0,"""It's amazing how much of a high you can get from a group of guys playing a game at the highest level, but that's exactly what the last 18 hours have been like."""
170,0,"""Wisconsin isn't that bad."""
171,0,In a sentence.
172,0,I was hoping to pick up some on Wednesday.
173,0,"""It was a nice try and I would have confronted you, but this is supposed to be OP's moment."""
174,0,"Rape accusations, which this particular one doesn\'t go into too much but some of the others from the set are more ""vocal"" about."
175,0,You make every conversation awkward.
176,0,"""It's not bright in person."""
177,0,He would prefer an autoclick.
178,0,"""I think they're $2 each."""
179,0,"""They don't like blocking."""
180,0,The music is pretty good.
181,0,I want a relaxing game.
182,0,He should use the Kerbalism mod.
183,0,"""It's almost like saying a lack of success in a few games doesn't mean anything."""
184,0,We took that after East Rumelia became part of Greece.
185,0,Clearly.
186,0,I quit smoking weed.
187,0,"""They didn't like the language and didn't like the joke."""
188,0,This is the best novelty account.
189,0,Nope.
190,0,"If you get hit, reload."
191,0,"Can\'t spell ""for"" correctly."
192,0,"""You didn't make that pun with your paws."""
193,0,The Drow play was more impressive than anything else in the video.
194,0,It might be helpful to spotlight the receiver quickly.
195,0,"""You can take it easy, I'll drive you there and back so you won't have to do anything. Thanks for trying though mum, except all the things between the car trips."""
196,0,The judge declared no take backsies.
197,0,"Yeah, damn."
198,0,The outlaw.
199,0,That is the way contracts get done.
200,0,Thank you for the support man.
201,0,The Fox City BITCH!
202,0,"""Yeah, it's fuck."""
203,0,Yes!
204,0,Dad...
205,0,"""Average IQ  100 65"" will be read on the sign."
206,0,Do you mean DARK?
207,0,Get to the back of the bus.
208,0,They are not cloud9.
209,0,Yes.
210,0,"""People should care that it's still relevant and close to Portland."""
211,0,"Yeah, for you."
212,0,"""D'oh!"""
213,0,"""You have to suck dick to realize you don't like it."""
214,0,Have you ever been to the grill?
215,0,"""OP stated in the title that it's only rumors, instead of using an editorialised headline."""
216,0,Can you just make your profile private?
217,0,"If I were a fisherman in the gulf area, I would either sell my boat and move to south Florida or fish in the bermuda triangle."
218,0,Is it already uploaded by the official Planet Coaster YouTube channel?
219,0,Added.
220,0,It feels great to be diverse.
221,0,Glad to hear that your financial situation is getting better.
222,0,It reminds me of a map in Far Cry 3.
223,0,No epic may mays are allowed.
224,0,"If you have a Fresh Market close by, they sell ground chuck at a discounted rate on Tuesdays."
225,0,I am sorry for you.
226,0,Remember when ecards used to have a punch line?
227,0,They need to cut anything they can to speed up expansion releases.
228,0,Earl was grey.
229,0,"""He's playing a bunch of 14 year olds and is going to be lonely when he graduates and nobody puts up with that unless you have money."""
230,0,Can we get a link to the template?
231,0,"""I'm dying."""
232,0,"On Thursdays, the Tap Room has an open mic night."
233,0,"Wait, so riot actually ruined themselves by giving eu ties?"
234,0,"""Did he blame Hillary for her father's death?"""
235,0,"My mom calls that pattern ""romance by the sea""."
236,0,There are shirts for President Snow and Hillary.
237,0,What if I told you that lesbians have been smoking for thousands of years?
238,0,Dynasty is the best ever.
239,0,KL and his dad are hated by this town.
240,0,"""It's called CorelDraw."""
241,0,Is that a show now?
242,0,"""Harden was slapped and didn't get a call."""
243,0,I also turn porn off.
244,0,You should ask a doctor.
245,0,"""That's wasteful."""
246,0,"Right after rdj scored an 8 ball of coke off Tyson, they did some bumps."
247,0,"Ladies and gentlemen, this is how debt is created."
248,0,It could be Ares.
249,0,"""That's right."""
250,0,You have a spot in my heart.
251,0,It was an easy 20k.
252,0,"West, East, North, and South are associated with the same person."
253,0,The last whisper should give enemies an aura buff that will give them more armor.
254,0,generosity should not be abused just because they wanted to help a couple of people.
255,0,Norelco fam or Philips fam.
256,0,Aoyama is the best.
257,0,"""You don't have an opinion."""
258,0,"""Don't let the blood get to you."""
259,0,"""We don't need to defend against science because we believe it is positive."""
260,0,Everyone is pimping out their mothers this week.
261,0,Chie in a dress always gets an upvote.
262,0,Good job on not being a shit.
263,0,How much did your bar tab cost?
264,0,T.
265,0,"""I've seen a bronze player, so don't give up."""
266,0,Unbiased observation.
267,0,Why is this so upvoted?
268,0,pugs are not usually referred to as eseas.
269,0,It seems like one handed abilities are not very useful.
270,0,You no longer own a white dress shirt.
271,0,"""It's a pipe dream to play Linux gaming."""
272,0,"""I didn't want the dust all over the driveway because it's a bitch to clean."""
273,0,"""I'm so proud of her."""
274,0,"""I've tried at least 3 times and have never been able to get through it."""
275,0,High level phlogs on hoodoo and expert movement.
276,0,"""We do events together all the time, but I'm not a big DJ like most guys here, I DJ house parties because I don't know anyone in that business."""
277,0,To be caled a pan is a lot.
278,0,You have canceled your subscription to FatFacts and signed up for FatDicks.
279,0,"Yes, that is Ken Griffey Jr."
280,0,"""Either way, it's the same."""
281,0,"""The dust didn't fall faster than the astronauts."""
282,0,Le generashun.
283,0,This is too messed up.
284,0,They removed the active from muramana because no one managed it well.
285,0,Is Thermite a hit kill?
286,0,I apologize to josh.
287,0,What program is this?
288,0,What does NMC mean?
289,0,Did you know that bears eat their pups?
290,0,"If you add this, I will cry with joy."
291,0,They made the running accuracy better.
292,0,"""If you're too broke for tattoos, you're also too broke to go to Japan and visit an onsen."""
293,0,One of the joys of the FA Cup is the fan of a big club scoring against a small club.
294,0,The same argument can be applied to a lot of things.
295,0,The people are finally getting what they want.
296,0,There is a quick sense of calm.
297,0,"""Don't support the Giants because they're going to kill the METS."""
298,0,The moral is to know your rights.
299,0,There is a huehuehue.
300,0,I will be renting my stall out for 120 p/m when my current rentee leaves.
301,0,"""It's likely that production thinks it's funny."""
302,0,That may count as grappling?
303,0,There are more crickets.
304,0,Naan.
305,0,"""It's funnier when you go to the safari zone."""
306,0,"""My guy likes the crotchless undies he buys me and I don't need to bend over."""
307,0,"""What about people who don't have a phone?"""
308,0,The Nats would have the best record in the league.
309,0,There are regulations.
310,0,Still available.
311,0,"At least that\'s what I\'m guessing, it was either ""did not read"" or a joke."
312,0,"""Cold blooded"""
313,0,Will you be joining the novice league tagpro or not?
314,0,"""I wasn't wiping on walls or something like that."""
315,0,"""He's correct."""
316,0,"""I'm jewish."""
317,0,Wow.
318,0,"""That's just your opinion, man."""
319,0,"If GOT featured a bunch of 15 year-old main characters, people would take it for a teen action show from the CW."
320,0,"""You're going to love it."""
321,0,The king was told to build his castle.
322,0,"""Isn't slemmy a pro?"""
323,0,Thanks!
324,0,The Flinstones used a urinal.
325,0,You will respect his opinion if you tell him to learn English.
326,0,I was scurred meow.
327,0,:3c
328,0,"""It's not true that people talk shit about people they don't like or that they disagree with."""
329,0,I think OP was trying to give an example of how the Russian state funded media spread this narrative back in April.
330,0,"""It isn't... It was killed by Starbucks in 2015."""
331,0,There is a person named Chloe Lexx.
332,0,Is the fuck a sneakerhead?
333,0,Truth.
334,0,Hitler was to Jews what Colonel Sanders is to chickens.
335,0,Themod
336,0,Not one of the funniest films of the last decade.
337,0,"People have to eat and feed their families, so quitting is not an option."
338,0,The new Sheriff likes his ice cream.
339,0,Just get an ENB.
340,0,"""They didn't make my screwdriver work for 40 years."""
341,0,Is it dynamic?
342,0,Highlander genes.
343,0,"""With today's interest rates being so poor, this isn't really a useful option."""
344,0,"""Austin wasn't like the rest of the Tejas."""
345,0,"""Let's study economics from a single person."""
346,0,Rural Kentucky has been that way as well.
347,0,It was easier to remove my phone number than it was to find that setting.
348,0,"""I'm going to take this advice, thank you!"""
349,0,I have a beard.
350,0,"If you know the leash ranges, you can use it on neutrals to gain back mana for very little cost and no damage."
351,0,L e t
352,0,Maybe UT should administer a test during the admissions process to identify people prone to violent outbursts and not admit people who fail that test.
353,0,"""The mod's do a great job."""
354,0,How to turn a paraplegic into a quadriplegic.
355,0,I like the outdoors.
356,0,"""According to Draft Express, it was 5'11.75."""
357,0,Does hacking run in the family?
358,0,He needs to do it politically.
359,0,My cats are stupid.
360,0,He needed a lot of liquor.
361,0,"""He's a terrible person and he's defending him."""
362,0,Instead of a facility.
363,0,Pizza.
364,0,The Extreme Hills are at Y 99.
365,0,"""Can't forget about that cocaine episode."""
366,0,The 80k Lexus link is what I am referring to.
367,0,"""It's probably from tickets and accidents."""
368,0,"""Once our production for season 1 is over, we'll be shopping it to North American distribution channels, and will make sure it's available in English as well as Spanish."""
369,0,"""I don't know what to say, he loves Christmas."""
370,0,Solid effort!
371,0,Why would you prosecute someone for stupidity?
372,0,What are those 6?
373,0,Damn.
374,0,Most of them would like to be fuckboys.
375,0,London has larger roads and more traffic.
376,0,Or work out.
377,0,You posted it on the internet. The hate is coming.
378,0,Thank you for tanslating.
379,0,Hard removal is 10 times more expensive than their other removal.
380,0,"""G'damn!"""
381,0,Still looking.
382,0,Anyone can out-Brit that.
383,0,"""The sky is the limit when it comes to input devices on PC"" is the next sentence."
384,0,The PS3 needs to be upgraded first.
385,0,Guy would be a great PE teacher.
386,0,Is this the part where I make fun of the LA Galaxy?
387,0,I was born in Canada.
388,0,"""I think it's a joke."""
389,0,"What are you suggesting, extremely p2w trickster decks?"
390,0,"""It's difficult to stack unless you're in a fast combo scenario and you don't have the ability to get stacks from ability hits."""
391,0,What kind of tricks are you talking about?
392,0,"Eat shit, angry words!"
393,0,Do you have any questions for us?
394,0,"""It's f cuby."""
395,0,A different Salon article holds the top spot.
396,0,"""If something goes wrong, they don't want you to bother with it."""
397,0,Thank you for smiling.
398,0,Only if it involves abortions.
399,0,This sounds dumb.
400,0,Speech controls laws have failed and idiots are allowed to say whatever they want.
401,0,There is a pi-top key.
402,0,It was a perfect visual!
403,0,"""That will play into the hands of the RWNJ's who said he would."""
404,0,Do you live in Appleton?
405,0,This is a great idea.
406,0,Is it?
407,0,Why are you in the top of your group?
408,0,"""It's not sure why it makes it harder. This wouldn't happen if it were legal."""
409,0,M.
410,0,There are only two colors with the smash logo.
411,0,BWah.
412,0,Damn fascist mod.
413,0,Oh god...
414,0,"If you use them frequently for running, they will last 6 months."
415,0,"""It's more popular than the other ones."""
416,0,Chris Paul is still the best point guard in the league.
417,0,I would drop Allen too many mouths.
418,0,I play online pro clubs with him.
419,0,There was something magical about Tom Cruise telling me to respect the cock.
420,0,Anything.
421,0,"California flags and t-shirts can be purchased at the Oregon State Fair, but not Oregon flags or t-shirts."
422,0,I have some from up there.
423,0,Where was the flag on the kick?
424,0,"""I didn't know that."""
425,0,The best people.
426,0,"Well, they did..."
427,0,I bought Tomb Raider and Sleeping Dogs.
428,0,Slavery is illegal.
429,0,Fix asap.
430,0,Harboring pedophiles.
431,0,No.
432,0,"""I don't. Did you give him gold?"""
433,0,That would be awesome!
434,0,"Thank you, but no."
435,0,You can do quick games in a heavily populated world.
436,0,"""I can't fault him for looking elsewhere if it means more minutes for him."""
437,0,"""If the delegates stuck to their platforms when elected, I'd be fine with that."""
438,0,The democratic process will be overthrown by Commissioner Manfred.
439,0,"""Why didn't Elrond push Isildor over the edge?"""
440,0,"""It's an amazing thank you, I had the crown 1 before I got into rdtas."""
441,0,"Is your name ""pyromaniac Alcoholics Anonymous""?"
442,0,"Thank you, I really needed that."
443,0,"Both of them say ""yuuuge""."
444,0,"It\'s been at least since the 356s, but I think Gan only told people to stop using ""Gans"" when the Air came out."
445,0,"""Let's explain the photo."""
446,0,We already have core dumps and core dumps are a better idea than this one.
447,0,Wtaf.
448,0,It would be stupid to have it in the future in sci-fi.
449,0,Hodor can be tried.
450,0,"""I'll get right on it if you fill out the sidebar."""
451,0,Shame.
452,0,"""He's getting the respect that a king deserves."""
453,0,"""I'm safe."""
454,0,"""They don't know anything."""
455,0,What is the source?
456,0,Are you in that group as well?
457,0,The troll.
458,0,"""It's time to bring in Charlie Kelly."""
459,0,High run energy.
460,0,That is definitely a better method.
461,0,Saint Barnard preaches.
462,0,"Yeah, you are a piece of shit."
463,0,The Management Consultant is Silver IV and Unranked.
464,0,I ended up in Texas because of the lack of jobs in northwest Florida when I was in the Marines.
465,0,Is it really a punishment to not be able to drive after drinking?
466,0,"""Denying reality doesn't change anything."""
467,0,The answer is more missiles.
468,0,"For me, the age of empires is red/blue/yellow."
469,0,Even hotter?
470,0,"You heard it here first, and it will be the top 3 in NA for worlds."
471,0,Connecticut?
472,0,The subreddits are not as good as /b/.
473,0,#iseewutudid there
474,0,He looks like Timmy from South Park.
475,0,There is more evidence that the 2 party system is the same.
476,0,Poor you.
477,0,"""You don't know how strong Picolo was at the time he was the strongest one of the z-fighters."""
478,0,What are the deep black lines?
479,0,"""If sisloc doesn't come out on friday, I'll draw a complex drawing of all the characters from the FNaF franchise."""
480,0,Dray uses his trampoline to practice his shooting motion.
481,0,You have to follow the steps in other posts to get the right stuff for the modpack.
482,0,"""Didn't end well for him."""
483,0,Is Yemen a known or suspected state sponsor of terrorist activities since 2001?
484,0,The table is nice.
485,0,The HUD seems to be fixed for now.
486,0,What do you mean by free coins?
487,0,"In the west, Ye m8 are mining silver."
488,0,What?
489,0,Bojack would fit nicely into the main story line except for the part when goku breaks the rules of heaven and decides to punch Bojack in the face.
490,0,Is it possible to go away with your nonsensical blabbering?
491,0,"Once the new client is fully out, they will stop working with the old one, but at that point the client will be running well for every one."
492,0,Cat is on a lap.
493,0,Genius!
494,0,You just named most of them the divas.
495,0,Not sure if it was a joke or not.
496,0,Someone is getting fucked in a really uncomfortable place.
497,0,"So far, so good!"
498,0,$50 sounds reasonable.
499,0,What does it do?
500,0,"""It's probably not doing anything as far as blocking goes."""
501,0,"""If you have greatRB's, I would do it, but if you don't have greatRB's, I wouldn't do it."""
502,0,Is there salt on his drink?
503,0,I was excited when I read this.
504,0,I clear my browsing history often.
505,0,The movie was good.
506,0,Your comment made me sick.
507,0,This could get messy.
508,0,Bemused.
509,0,"""Why is westbrook's shirt a shot?"""
510,0,The helm and mantling of a king is not really used in Spanish heraldry.
511,0,"If he does, she gets in trouble."
512,0,How long does shipping take to the UK?
513,0,Is there a relationship between the author of Corman and the film producer?
514,0,Chris is a bright guy.
515,0,"""That's a good point."""
516,0,He has a 40% sale on FW.
