,Y,text
0,1,"""I don't know, that Jeep looks really cool."""
1,1,Either that or we are being tricked.
2,1,You forgot.
3,1,"""People don't go into national parks with drugs every day."""
4,1,"""I hope you're enjoying the 8 percent of him."""
5,1,"""He'll get the message if enough people report him for not communicating."""
6,1,"""It's funny because I am a Christian."""
7,1,"""It's only the convention that's causing it."""
8,1,"""It's just a cookie."""
9,1,That shuriken is in the background.
10,1,"The list of ""wrs"" he is going up against are complete scrubs."
11,1,What a funny joke.
12,1,"""It's fun to punch people in the mouth."""
13,1,Its alpha!
14,1,The internet was ruined by morsi.
15,1,"""I'm not a fan of the 12 pick 6's."""
16,1,They are black.
17,1,"If real, pfft is not natty."
18,1,He should not have tried to run against trump in the first place.
19,1,"""We've been really good without Rooney."""
20,1,Women should not be heard.
21,1,How often do pros skip their bans?
22,1,It has been proven that Java is easier to learn than Python.
23,1,They should fix him like they fixed a widowmaker.
24,1,Keep Austin weird.
25,1,"""You don't understand, it's her turn."""
26,1,In a calm voice. I think that this person should be beheaded because of a trivial circumstance.
27,1,"""It's important that we don't lose sight of who is in this tragedy... the negro crips and bloods."""
28,1,"""It's code for anti-white."""
29,1,I have 2 in-geoms on my wizzard.
30,1,Let them eat what they want.
31,1,Are you in need of a cohost?
32,1,This game is very balanced.
33,1,"""It's going to get dissolved tomorrow."""
34,1,"""You don't think he's inspiring?"""
35,1,You are taking season 8 well.
36,1,"""The contestants were aware that this wasn't a Depression month."""
37,1,"""Let's remake Marth's games again."""
38,1,"""If you're a peasant, get real."""
39,1,You are referring to being dishonored.
40,1,I only listen to real rap.
41,1,The most important thing is that we get off this rock.
42,1,Poor people do that.
43,1,"Yes, but what is his qbr?"
44,1,"""You don't go with your fancy logics thingamajigs."""
45,1,Fuck you for liking it!
46,1,"""Shouldn't it be more fun to reward clans that don't play against each other, instead of making them work for it by playing against other clans?"""
47,1,The evil corporations are trying to steal more money.
48,1,He is stealing from you.
49,1,It is the easiest ever.
50,1,I understand that Louisiana needs us to focus on their problems.
51,1,He loves it.
52,1,The food was good.
53,1,So English or Cantonese?
54,1,"""You can't get it at 17"""
55,1,The entire state is a national embarrassment because a few people messed up.
56,1,Or to Australia where the government is not corrupt.
57,1,"At the same time as Arc 3, inb4 was released for a full week."
58,1,"""I'm not sure if it's another property tax increase or not."""
59,1,Donate a set of partyhats to me.
60,1,The spurs/celtics/thunder teams of the last few years were terrible.
61,1,No waIIIIIIIIIIII.
62,1,It would kill you to read it.
63,1,Everyone must answer questions according to the constitution.
64,1,The deuce is a meme.
65,1,"""They are third world niggroes, so it doesn't matter to me."""
66,1,"If he was a white male, you would care."
67,1,We should make their job harder by taking their laptops.
68,1,"""It's worth it to get promoted to an elo where you lose the game and ruin it for the players that are there."""
69,1,There are tons of legit war heroes in North Korea.
70,1,You mean all the DNC emails that were planted by Putin?
71,1,"If a human ran into me on the sidewalk, I would look like that."
72,1,Do you know that every single game since the Atari rape game is sexist?
73,1,The metagame is being ruined by the data driven fantasy analysis.
74,1,The girls on girlsdoporn look like girls.
75,1,Being White and worshiping Allah is just cultural appropriation.
76,1,Uppity fee!
77,1,It looks like another case of toxic masculinity.
78,1,It gets banned for overpricing.
79,1,What a winner.
80,1,You normally have to get a legal weed candidate with hippy economics if you want weed to be legal.
81,1,"""You don't let her use the services you pay for."""
82,1,The insurgency at Fort Bragg is getting worse.
83,1,"""He's shooting bad so it doesn't count."""
84,1,You dropped this.
85,1,"""You shouldn't hit the spot you aim at on the target line."""
86,1,"""I'm sure your eyes are still wet from the Harris spring game."""
87,1,"Maybe he meant to say ""Act like it"", as in ""We were winning and now we\'re not""."
88,1,I thought it was logical that they play only 4 games this season.
89,1,It has worked well with other games.
90,1,The ratings are to blame.
91,1,"""Hope that's true."""
92,1,"""No way... Couldn't be that one."""
93,1,There is a nerf for Breeding 2 OP.
94,1,"""I don't know... I would probably pass the price of 10 Gigs of storage space."""
95,1,The brave atheist stood up to the oppressors.
96,1,I had a root canal without anesthesia and headaches.
97,1,A company with global sales of $47 billion annually is worried about craft breweries taking more than 20% of the market.
98,1,I bet you know this.
99,1,But not really!
100,1,"""The scumbag tried to drag his friend out so that he wouldn't rat on him."""
101,1,The cops only shoot non-white people.
102,1,Brady is the ultimate game manager.
103,1,Why are there lions?
104,1,"Yeah, screw them."
105,1,What a surprise!
106,1,The lightbulb is supposed to show that it is using power.
107,1,In Tr4sh.
108,1,The letter store?
109,1,Everyone should be fired or playoffs.
110,1,She tipped her hat at him.
111,1,Take a nosedive into Vatican City.
112,1,I think we should kick them out of the Big 12.
113,1,How dare you call yourself a monster?
114,1,Mallard drakes should stop raping shitlords.
115,1,I feel confident in this admin.
116,1,"""What if I'm not violent?"""
117,1,It takes a lot of practice to learn a few phrases.
118,1,The nanny is taking the kids to the beach.
119,1,"""The program that achieved what it promised is proof that capitalism doesn't work."""
120,1,Dogville is the whole town of Dogville.
121,1,Obama is not a real person.
122,1,"""The guy who buys slaves so he can torture them to death for his experiments isn't evil."""
123,1,We have 13 titles.
124,1,Nope.
125,1,You are good at being sarcastic.
126,1,"""I think he's going to vomit from it."""
127,1,My face shaman deck is proactive in killing you before you can respond.
128,1,Maybe the guy was too eager to join the pedal pub fun.
129,1,It would be great if you could get on your gas mask mission.
130,1,Is they white?
131,1,That ended well.
132,1,"""I would prefer a No Man's Sky adaptation."""
133,1,"If Trump helped me grab the rest of the set, I would vote for him."
134,1,"""You're a Trump supporter."""
135,1,Thanks for the lessened Cuban sanctions.
136,1,"""I'm sure that if a temple is built in Haiti, it will result in a significant increase in tithing revenue for the good saints of Haiti, as they struggle to pay a full tithing and be worthy of a temple recommend and obtain the benefits that Temples bring wherever they are built."""
137,1,"""It's illegal to tint the windows of a vehicle."""
138,1,Ibaka is moving quickly for a 33 year old.
139,1,"Donate 25,000 college textbooks and I will be impressed."
140,1,Another reason for me to like him.
141,1,"""I heard that becauseholtby hurt his leg, Pennsylvania legalized marijuana for medical use, and that's why he played so poorly."""
142,1,There is a person named Connor McDavid.
143,1,"""They're nothing more than shallow cumsluts."""
144,1,"""They couldn't get a decent cast."""
145,1,There is no place for religion in public.
146,1,"The ""Drug War"" was sponsored by the US government."
147,1,peaches are under attack by a video game site
148,1,Why do people like Patrick Laine?
149,1,Works better on hybrid and electric vehicles.
150,1,You dropped it.
151,1,"""I said it can't be real."""
152,1,But. silvesters was the Americas birthday this year?
153,1,Please send nudes.
154,1,He loves kittens with lemon butter.
155,1,"Write ""removeallids"" in the console."
156,1,Nobody drives drunk anywhere else.
157,1,He looks like a 3rd world dictator.
158,1,Jd power has always been a reliable indicator of vehicle dependability.
159,1,"""I'm happy to see that the tradition of a big logo has been preserved."""
160,1,Everything looks great to me.
161,1,"""It's not possible for parents to be at fault."""
162,1,"""Hey man, you can't have an opinion here, take my downvote!"""
163,1,"""I'm all out of things to apologize for, so I came here to make up."""
164,1,"""I don't know if I will get my one month gold now."""
165,1,Transferring is the problem of the earth.
166,1,Shut up nerd.
167,1,"If something is illegal, you give up all your rights."
168,1,Yaddle takes over every discussion.
169,1,You are a terrible person.
170,1,Do you think that Adam Silver is going to get a call from Lebron?
171,1,That is smart and witty.
172,1,I think that will solve his issues.
173,1,The problem is her family.
174,1,Is it true that they use mysql instead?
175,1,"I only played one game in the CV, but I played in a number of other places."
176,1,Think of all the money you can save.
177,1,Get some food.
178,1,"""It's a bad thing that it's a bad thing that it's a bad thing that it's a bad thing that it's a bad thing that it's a bad thing that it's a bad thing that it's a bad thing that it'"""
179,1,Just bandwagon fans.
180,1,She would have studied engineering if she were smart.
181,1,He got them to cover up the injections.
182,1,"""I don't have to if they roam."""
183,1,You sound like a person with the same name.
184,1,"""The Front Page of the Internet"" is what this site is called."
185,1,You might get banned if you pk with it.
186,1,"""I didn't know it was that expensive to live in Europe."""
187,1,They are not sexist pig.
188,1,"""Who doesn't need limited slip when you have a car?"""
189,1,Eugenics has worked well in the past.
190,1,The game will benefit from another tier of rarity.
191,1,It was hilarious.
192,1,Eyewitness testimony is the most reliable.
193,1,It could be because he is black.
194,1,Our faith was tested when medicine was put on the ground.
195,1,You can have dinner with those people.
196,1,"""You didn't like the Virtual Boy?"""
197,1,"""este pais es una mierda"" sigan con su sifrina masturbatoria."
198,1,I want free market economics.
199,1,The base model is not enough.
200,1,"""I'm sure he'd love playing with him again."""
201,1,Nice try.
202,1,Women can be hackers.
203,1,Making fun of people makes me feel good about myself.
204,1,The Night of the Long Firings will be launched by Trump soon.
205,1,"""It might be a good idea since she's worth 85 cents on the dollar."""
206,1,Is that the guy from Harold and Kumar?
207,1,Trying not to laugh.
208,1,"If you had upgraded to a radeon 7800, you could have had 7250 grafixs."
209,1,"""Don't worry, having to deal with foreigners makes them angry."""
210,1,"""It\'s water into wine, not water into weed!"""
211,1,The government hates poor people.
212,1,You are anti national because nudity is against Indian kulcha.
213,1,"""They've proven they're men, so it's ok."""
214,1,You definitely need a plus on your end.
215,1,Do you lose around jews?
216,1,Alex Jones.
217,1,An extra-crisp Trigger makes it extremely accurate for proper training of Fundamentals.
218,1,I think you missed something.
219,1,"If you think he should be in the list, you only care about the numbers."
220,1,The little argonian swam all the way to the other coast with his 5% swim movement buff.
221,1,Fruits and vegetables are expensive.
222,1,"""If we're lucky, they'll be selling the ultra-rare KV- 220 next week."""
223,1,You forgot?
224,1,"""Don't think anyone lives under the sea."""
225,1,"""It's the same thing."""
226,1,Will brain damage make it easier to be an Eagles fan?
227,1,"""That's why we all know that it's the best game ever made."""
228,1,"""I don't believe in roads or ditches, I'm a libertarian."""
229,1,The top 1% has more talent than everyone else.
230,1,The same way they think women dress for men.
231,1,Whoosh!
232,1,I missed a letter that was a crime against humanity.
233,1,You dropped it.
234,1,Move them to international waters.
235,1,"""It's cultural clensing."""
236,1,Everyone is banned from getting into contact with any kind of bugs by the company.
237,1,It worked for him.
238,1,"Wow, why does Jesus preach?"
239,1,He will push for their right to vote.
240,1,Turkey protests should only be posted in r/turkishnews.
241,1,There is a nuke silo in the middle of a map.
242,1,Cyclists are not thinking of the children.
243,1,"""It just goes by the fact that these are minorities and most people don't like them."""
244,1,"""Don't have to be a dick, he was just asking for the episode."""
245,1,Why fuck you?
246,1,I might as well not claim after seeing this.
247,1,The Globalists are voting.
248,1,"""Isn't he a guy?"""
249,1,How is he going to grow a neckbeard?
250,1,"""The government won't publish the U7 because it's one true number."""
251,1,The S&T coach should be fired.
252,1,She should die because she made a mistake.
253,1,I just hit my poverty bench.
254,1,"""Don't play him until you're a god with him, if you can't do that."""
255,1,"""His life doesn't matter because he's not black."""
256,1,Riot is amazing.
257,1,"""It's possible for a child to go through the testing process that leads to a cancer diagnosis without their parents knowing."""
258,1,Someone is flying those planes and they have a good formation.
259,1,This is not appropriate.
260,1,"""They'll join the cloud if they liquidate IT assets outside."""
261,1,"""That's why you have a private email server."""
262,1,"I trust the government to run our healthcare, they have done a good job so far."
263,1,"3 minutes after the photo was taken, they ate him."
264,1,Wake up Sheeple!
265,1,Because they are the devil.
266,1,"""The idea of a rule to protect players that aren't paying attention is proof that even those playing aren't interested in watching."""
267,1,Assets need to be larger because the game file will transfer to the NX.
268,1,You forgot.
269,1,She is rude to cats.
270,1,One smaller than the Tiquan. What about the golf?
271,1,The courts are watching it.
272,1,China would never lie!
273,1,"""We don't vote because we don't feel like it matters."""
274,1,You dropped it.
275,1,The vayne pick worked out well.
276,1,"""You don't make a fool of yourself when the truth comes out, that's the best part about being patient."""
277,1,"In case someone lands on it, they are doing it for safety, not so that the guy has to run and get his shoe."
278,1,Did the DC Liberal Elite try to hit you?
279,1,They play with leviathan.
280,1,"""We don't understand how things work."""
281,1,Infinite Warfare has an Easter egg.
282,1,"""I didn't watch game 3 because the spurs would close out the sweep early."""
283,1,Do you not know what you are talking about?
284,1,"""I don't think anyone would ever think that after how great BvS has been."""
285,1,Being lucky twice is a valid observation.
286,1,The English language is broken and inefficient.
287,1,Are you talking about the hard drive under my desk?
288,1,What is the worst thing that could happen?
289,1,"""They're doing something right by her."""
290,1,You are getting downvoted because of how left leaning the site is.
291,1,"""He's a 400lb hacker."""
292,1,All 3 of them.
293,1,She lied about Donald Trump saying global warming is a Chinese hoax.
294,1,The state is a part of society.
295,1,It is tempting to be here in New Zealand at 6AM.
296,1,Business owners are hiring people to vote for Hillary.
297,1,Why are you antisemitic?
298,1,Taxi companies have proper insurance.
299,1,"""It's fine when PoC do it for a long time."""
300,1,"""Didn't you know that Wenger has so much money that he doesn't spend it?"""
301,1,"""It was suppressive because you didn't use the SARM triple stack."""
302,1,I do this every other round.
303,1,I once went to a protest and was immediately deputized.
304,1,"""To be fair, protecting workers' rights and fighting to improve their standard of living is the same thing as enslaving the rich."""
305,1,"""That's what the pin was for. I have to go... That's right... Do something."""
306,1,He actually did.
307,1,Is it possible that it is possible that it is possible that it is possible that it is possible that it is possible that it is possible that it is possible that it is possible that it is possible that it is possible that it is possible that it is possible that it is possible that it
308,1,"""It's totally worth it."""
309,1,"""It's called the patriarchy."""
310,1,They might be pretty good if yam can bomb every game.
311,1,Stop being racist.
312,1,I am a pedophile and have noted your strategy.
313,1,"""I wasn't aware that the Federal Government was forcing us to have car insurance. Hmm... I guess."""
314,1,"""I didn't think brown water could be filled with oil."""
315,1,"""He's cleared through his family's investigation."""
316,1,Daddy wants to shoot you in the heart with an arrow.
317,1,"""Can't wait for the competitive players."""
318,1,"""This isn't Crossfit..."""
319,1,I love the name.
320,1,You traitor!
321,1,Everyone does not show off when you have fancy cleaning tech.
322,1,Which of you made alternate accounts?
323,1,He misses you already!
324,1,"""She's still a hero despite that."""
325,1,They could have been commie agents.
326,1,"""It's a shame they don't make hate group members like they used to."""
327,1,The millionaire is going to the doctor.
328,1,All my dentists told me to use less toothpaste and never floss my teeth.
329,1,The white man and republicans should be blamed.
330,1,"""I don't think that's something that could be faked."""
331,1,"""Maybe he doesn't think it's a good idea to pay too much for bland food when you're soaked in the rain."""
332,1,What asshole?
333,1,Wait until someone stronger fights for you.
334,1,"""It's written in your name."""
335,1,The dealership fine people never make such a mistake.
336,1,"Everyone just needs to adapt to whatever happens, right?"
337,1,"""It didn't happen."""
338,1,Protect IED.
339,1,You mean to pay the refs.
340,1,Not even half a season by Kelce makes him better than Gronk has done.
341,1,Nothing ever pleases you neckbeards.
342,1,"You can have a 2% chance of being cured with just 7 easy payments of 900$ and a down payment of half your liver, but I used to be critical like that."
343,1,Already?
344,1,We created the holy because of that.
345,1,There are sensible policies for America.
346,1,A true Cinderella story.
347,1,"""It's typical of Apple to copy."""
348,1,"Apache Chief and Samurai are not real characters, but they are close to real."
349,1,"It was a good try, but almost got me there."
350,1,"""Aybar has been hitting better recently, it's a steal for the Tigers."""
351,1,Kids would change it to Duck-Man.
352,1,There are drugs.
353,1,"I know Apple overcharges, but this is ridiculous."
354,1,"""It's all done then."""
355,1,"""Tomorrow FBI's and today my hard drives."""
356,1,Password1234 is solid.
357,1,"""He's probably right that we're just wasting 80 years of our life in this mortal plane of existence."""
358,1,"""Isn't that the best contest?"""
359,1,"""They know what's best for us women, better than we do ourselves."""
360,1,Is this for Ponder?
361,1,"""Are you saying that Ramones isn't just a brand?"""
362,1,She is a pretentious snob.
363,1,A world without businesses that facilitate transactions and connect capital.
364,1,Are they growing peaches there?
365,1,You want your language to be like that.
366,1,"""They go when it's hot. They're wearing them to stay cooler in the heat."""
367,1,"""It's that easy."""
368,1,Bleacher Report is a peer-reviewed journal.
369,1,The public execution takes place in 24 hours.
370,1,"Same as before... 1.92 seconds, 19.2 minutes."
371,1,"""I don't need anyone's respect."""
372,1,That is human growth hormone.
373,1,There are spare parts for a child.
374,1,"If you thought I was serious, you need to spend more time online."
375,1,Companies should self regulate and let the market decide.
376,1,Is it an STD?
377,1,It was cool to repost for karma.
378,1,Come at me.
379,1,"""Legacy parents aren't a chance at birth."""
380,1,"""If we learned anything from this election, it's that white people are racists."""
381,1,He air balled five shots a game that landed with someone who scored.
382,1,"""Don't forget the Buddhists."""
383,1,"""He'll be good for the bowl game, right?"""
384,1,Brb spent 1000 gold on the game to get easy wins.
385,1,So neat.
386,1,You always need to put that on the site.
387,1,"Yes, it does."
388,1,We want toddlers to run this country.
389,1,"""The Fiddle didn't need the one he deserved."""
390,1,"""Can't wait until everyone mentions Coming Soon or Interactive Noise."""
391,1,"""I don't like how reddit perpetuates their white male privilege."""
392,1,Just do it.
393,1,What is going on with all the blaming tonight?
394,1,It was tagged.
395,1,He could still be perfect in Cleveland.
396,1,"""It's surprising since the strategic review of the NBN was faked by the guys and they said all we would need by 2023 is 15mpbs."""
397,1,"""The cheapest PSU doesn't affect your performance, therefore it doesn't matter!"""
398,1,Not even a Pickaxe was Notched in this.
399,1,He put more effort into the video than the song.
400,1,Fire guy fights water guy.
401,1,He hid the helm slot before it was cool?
402,1,"""You don't put enough peanut butter on it."""
403,1,"""Infs don't counter sens."""
404,1,"""The good Nidalee's are separated from the bad Nidalee's."""
405,1,Downvote for a bad dad joke.
406,1,Absolutely out of place in such a subtle movie.
407,1,It should work if three or more cards cannot be stacked on top of each other.
408,1,"""You don't know happiness until you're a mom."""
409,1,A lot of changes have been made in the catholic church by the pope.
410,1,They made the means of communication public.
411,1,Macs are not even computers.
412,1,He is the only one under 30 years old.
413,1,The array is perfect for the application.
414,1,The roof is going to be epic in the film after watching this.
415,1,You showed them that only $30 purchase.
416,1,"""Who wouldn't wear a shirt?"""
417,1,"""It's nickelback for sure."""
418,1,"In no time, microsoft listened to me."
419,1,"This is so bad, you need to fix your shit."
420,1,The person is a catcher.
421,1,You forgot.
422,1,"""It's like a streaming service but with ads."""
423,1,"Thank you, Tree Killington, for pointing that out."
424,1,Donald Trump was elected.
425,1,The bathroom is a way to avoid the question.
426,1,How did they get a picture of the stars?
427,1,"Don\'t you mean that they were trying to fight against all the ""uneducated black people"" who were angry about the verdict and trying to kill all the white people?"
428,1,"""Shouldn't have taken a cab."""
429,1,What a scrub.
430,1,You should feel safe now that there is Taliban activity in New England.
431,1,That is a funny way to say volunteers.
432,1,Make both of them stupid bitches!
433,1,How do you die 10 times on ryze scrub?
434,1,"""The moral of the story is that people who pay a lot of money for food don't care about you. This is shocking."""
435,1,Absolutely.
436,1,When did the press start paying attention to that?
437,1,I can see how having the 1% paying some tax on their multi-million dollar mansion to fund education/ healthcare or welfare is going to erode the voter base of the ALP.
438,1,"""That's why he should have gone with a megabomb."""
439,1,"""It's important that YouTube views are important."""
440,1,"""It's better to get more value from recall before it heals."""
441,1,You missed it.
442,1,The first two dozen companies have been entered.
443,1,"Our youth\'s ""good word"" is better and they should be welcomed with open arms."
444,1,That changes everything.
445,1,"""You're a liar and you suck because of the daily grind."""
446,1,"""That's her costume!"""
447,1,There is pain in gaming.
448,1,"""Half of the world's population is filled with shitlord men, so I have a burning hatred for them."""
449,1,Then sarcasm was better.
450,1,"""It's a shame that there isn't an open source compiler and runtime that can handle Objective-C on other platforms."""
451,1,The American families were starving on minimum wage.
452,1,"""No, that's not just a bourgeois liberalism BS."""
453,1,"""Without this, we wouldn't have the masterpiece that is Ice Ice Baby."""
454,1,"Teenagers act like this, no matter who they are."
455,1,They want to give the zombies a chance.
456,1,Did you assume their gender?
457,1,"""It's yeax for fucks sake."""
458,1,They should paint a big cross on the roof to make it a better target.
459,1,Markets are doing well.
460,1,"When people come in, faking a phone call."
461,1,"""I'm posting this to Kathy's page."""
462,1,It was not Sarasm.
463,1,"""It's definitely not a pay to win site."""
464,1,"""It's your California values."""
465,1,"""That's how you're supposed to get it done quickly."""
466,1,"""He didn't sign with the club."""
467,1,T_D would be the one to know if Russia was involved.
468,1,Sounds like you have a bootleg install.
469,1,That would look terrible on my civic.
470,1,"""I'm sure they see it that way."""
471,1,Madame Popular was the one who should have dropped out.
472,1,"""I don't know if it's true but I think it's true."""
473,1,Two of the most interesting champions.
474,1,"""Why wouldn't you want to be with a girl like that?"""
475,1,I believe you dropped this.
476,1,The nerf of the incubator has been confirmed.
477,1,"""Why don't you go into a field of science, technology, engineering and mathematics?"""
478,1,"Hostility would come out nicely, thank you!"
479,1,Is java short for javascript?
480,1,Inconclusive.
481,1,"""Hopefully she won't report you to the feds."""
482,1,"Wow, what a nice guy."
